{"cameraMode":{"drawMode":0,"name":"Shaded","section":"Shading Mode"},"sceneLighting":false,"audioPlay":false,"sceneViewState":{"m_AlwaysRefresh":false,"showFog":true,"showSkybox":false,"showFlares":true,"showImageEffects":true,"showParticleSystems":true,"showVisualEffectGraphs":true,"m_FxEnabled":true},"in2DMode":false,"pivot":{"x":-0.0002453029155731201,"y":-0.0006245970726013184,"z":-0.0019366741180419922},"rotation":{"x":-0.12618663907051087,"y":0.505260169506073,"z":-0.07497567683458328,"w":-0.8504092693328857},"size":1.1679511070251465,"orthographic":false}