{"cameraMode":{"drawMode":0,"name":"Shaded","section":"Shading Mode"},"sceneLighting":false,"audioPlay":false,"sceneViewState":{"showFog":true,"showMaterialUpdate":false,"showSkybox":false,"showFlares":true,"showImageEffects":true,"showParticleSystems":true},"in2DMode":false,"pivot":{"x":-8.632305145263672,"y":1.7272911071777344,"z":1.091585397720337},"rotation":{"x":-0.3027972877025604,"y":0.24012413620948792,"z":-0.07912575453519821,"w":-0.9189193248748779},"size":4.4533162117004398,"orthographic":false}