{"cameraMode":{"drawMode":0,"name":"Shaded","section":"Shading Mode"},"sceneLighting":true,"audioPlay":false,"sceneViewState":{"showFog":true,"showMaterialUpdate":false,"showSkybox":true,"showFlares":true,"showImageEffects":true,"showParticleSystems":true},"in2DMode":false,"pivot":{"x":5.445257663726807,"y":0.7538319230079651,"z":-4.987307548522949},"rotation":{"x":-0.07471876591444016,"y":0.9198381304740906,"z":-0.21518945693969727,"w":-0.3193894624710083},"size":14.668403625488282,"orthographic":false}